{
    "title": "Actor",
    "description": "Actor description",
    "type":"object",
    "properties": {
        "name":{
            "description": "actor name",
            "type":"string",
			"regex":"[a-zA-Z]+"
        },
		"birthyear":{
            "description": "actor birthyear",
            "type":"integer",
			"regex":"\\d{4}"
        }
    },
    "required": ["name","birthyear"],
    "references": [{
        "model": "Movie",
        "relation": "M-M",
        "label": "LabelMovie"
    }]
}